{
  "project_info": {
    "project_number": "770416306512",
    "firebase_url": "https://product-e11b7-default-rtdb.firebaseio.com",
    "project_id": "product-e11b7",
    "storage_bucket": "product-e11b7.appspot.com"
  },
  "client": [
    {
      "client_info": {
        "mobilesdk_app_id": "1:770416306512:android:2818f5d24d110580202455",
        "android_client_info": {
          "package_name": "com.example.product"
        }
      },
      "oauth_client": [
        {
          "client_id": "770416306512-ngv9tftiu6je1jk9c96i4shc3ut7cbfb.apps.googleusercontent.com",
          "client_type": 1,
          "android_info": {
            "package_name": "com.example.product",
            "certificate_hash": "9c865fa253efb9212e66cc95b5e4647426800f18"
          }
        },
        {
          "client_id": "770416306512-7vvh706bihbk0hta5gpt7svj070h5396.apps.googleusercontent.com",
          "client_type": 3
        }
      ],
      "api_key": [
        {
          "current_key": "AIzaSyDUkGuaZU45uUUX7hEz6K_uteFuqM5vqkc"
        }
      ],
      "services": {
        "appinvite_service": {
          "other_platform_oauth_client": [
            {
              "client_id": "770416306512-7vvh706bihbk0hta5gpt7svj070h5396.apps.googleusercontent.com",
              "client_type": 3
            }
          ]
        }
      }
    },
    {
      "client_info": {
        "mobilesdk_app_id": "1:770416306512:android:d082ef2ec5ad8c1b202455",
        "android_client_info": {
          "package_name": "com.example.skincare"
        }
      },
      "oauth_client": [
        {
          "client_id": "770416306512-eqne4esair8gkrugmqg6m82o5kp1kdek.apps.googleusercontent.com",
          "client_type": 1,
          "android_info": {
            "package_name": "com.example.skincare",
            "certificate_hash": "9c865fa253efb9212e66cc95b5e4647426800f18"
          }
        },
        {
          "client_id": "770416306512-7vvh706bihbk0hta5gpt7svj070h5396.apps.googleusercontent.com",
          "client_type": 3
        }
      ],
      "api_key": [
        {
          "current_key": "AIzaSyDUkGuaZU45uUUX7hEz6K_uteFuqM5vqkc"
        }
      ],
      "services": {
        "appinvite_service": {
          "other_platform_oauth_client": [
            {
              "client_id": "770416306512-7vvh706bihbk0hta5gpt7svj070h5396.apps.googleusercontent.com",
              "client_type": 3
            }
          ]
        }
      }
    }
  ],
  "configuration_version": "1"
}